{
    "geometries": [{
        "type": "Geometry",
        "uuid": "15641190-4052-3871-BF5E-F046F6B1B496",
        "data": {
            "faces": [43,0,2,3,1,0,0,1,2,3,0,1,2,3,43,4,6,7,5,0,0,1,2,3,4,5,6,7,43,0,1,4,5,0,2,3,0,1,0,3,4,7,43,7,6,3,2,0,0,1,2,3,6,5,2,1,43,2,0,5,7,0,2,3,0,1,1,0,7,6,43,1,3,6,4,0,0,1,2,3,3,2,5,4,43,11,10,9,8,0,3,2,1,0,6,7,4,5,43,15,14,13,12,0,3,2,1,0,2,3,0,1,43,11,8,15,12,0,3,2,1,0,6,5,2,1,43,9,10,13,14,0,3,2,1,0,4,7,0,3,43,8,9,14,15,0,3,2,1,0,5,4,3,2,43,12,13,10,11,0,3,2,1,0,1,0,7,6,43,19,18,17,16,0,3,2,1,0,6,7,4,5,43,23,22,21,20,0,3,2,1,0,2,3,0,1,43,19,16,23,20,0,3,2,1,0,6,5,2,1,43,17,18,21,22,0,3,2,1,0,4,7,0,3,43,16,17,22,23,0,3,2,1,0,5,4,3,2,43,20,21,18,19,0,3,2,1,0,1,0,7,6,43,27,26,25,24,0,0,1,2,3,0,1,2,3,43,31,30,29,28,0,0,1,2,3,4,5,6,7,43,31,28,27,24,0,0,1,2,3,4,7,0,3,43,29,30,25,26,0,0,1,2,3,6,5,2,1,43,28,29,26,27,0,0,1,2,3,7,6,1,0,43,24,25,30,31,0,0,1,2,3,3,2,5,4],
            "morphTargets": [],
            "animations": [],
            "metadata": {
                "bones": 0,
                "generator": "io_three",
                "faces": 24,
                "vertices": 32,
                "version": 3,
                "morphTargets": 0,
                "uvs": 1,
                "materials": 1,
                "normals": 8
            },
            "influencesPerVertex": 2,
            "skinWeights": [],
            "normals": [0.577349,-0.577349,0.577349,0.577349,-0.577349,-0.577349,0.577349,0.577349,-0.577349,0.577349,0.577349,0.577349,-0.577349,0.577349,0.577349,-0.577349,0.577349,-0.577349,-0.577349,-0.577349,-0.577349,-0.577349,-0.577349,0.577349],
            "bones": [],
            "skinIndices": [],
            "name": "BoxGeometry",
            "uvs": [[0,1,0,0,1,0,1,1]],
            "vertices": [0.5,-0.5,0.5,0.5,0.5,0.5,0.5,-0.5,-0.5,0.5,0.5,-0.5,-0.5,0.5,0.5,-0.5,-0.5,0.5,-0.5,0.5,-0.5,-0.5,-0.5,-0.5,0.5,-0.5,0.5,0.5,-0.5,-0.5,0.5,0.5,-0.5,0.5,0.5,0.5,-0.5,0.5,0.5,-0.5,0.5,-0.5,-0.5,-0.5,-0.5,-0.5,-0.5,0.5,0.442265,-0.442265,0.442265,0.442265,-0.442265,-0.442265,0.442265,0.442265,-0.442265,0.442265,0.442265,0.442265,-0.442265,0.442265,0.442265,-0.442265,0.442265,-0.442265,-0.442265,-0.442265,-0.442265,-0.442265,-0.442265,0.442265,0.557735,0.557735,0.557735,0.557735,0.557735,-0.557735,0.557735,-0.557735,-0.557735,0.557735,-0.557735,0.557735,-0.557735,-0.557735,0.557735,-0.557735,-0.557735,-0.557735,-0.557735,0.557735,-0.557735,-0.557735,0.557735,0.557735]
        },
        "materials": [{
            "colorSpecular": [0.001176,0.001176,0.001176],
            "DbgColor": 15658734,
            "visible": true,
            "depthTest": true,
            "specularCoef": 50,
            "blending": "NormalBlending",
            "shading": "phong",
            "colorAmbient": [1,1,1],
            "wireframe": false,
            "transparent": false,
            "colorDiffuse": [1,1,1],
            "depthWrite": true,
            "opacity": 1,
            "DbgName": "ffffff",
            "colorEmissive": [0,0,0],
            "doubleSided": true,
            "DbgIndex": 0
        }]
    }],
    "animations": [{
        "name": "default",
        "fps": 29,
        "tracks": []
    }],
    "textures": [],
    "images": [],
    "metadata": {
        "type": "Object",
        "generator": "io_three",
        "version": 4.4
    },
    "object": {
        "matrix": [1,0,0,0,0,1,0,0,0,0,1,0,0,0,0,1],
        "uuid": "ED7A30B8-35C7-4E81-B186-59413F1DA4AB",
        "type": "Scene",
        "children": [{
            "name": "Box",
            "uuid": "DDA9AE26-14F9-3E6A-9BDD-AF02F6D2F286",
            "matrix": [-40,0,0,0,0,0,0.1893,0,0,24,0,0,0,0,0,1],
            "visible": true,
            "type": "Mesh",
            "material": "A05C207B-E3D1-3023-96B3-1D1FFEA34A95",
            "castShadow": true,
            "receiveShadow": true,
            "geometry": "15641190-4052-3871-BF5E-F046F6B1B496"
        }]
    },
    "materials": [{
        "type": "MeshPhongMaterial",
        "vertexColors": false,
        "side": 2,
        "blending": "NormalBlending",
        "uuid": "A05C207B-E3D1-3023-96B3-1D1FFEA34A95",
        "color": 16777215,
        "shininess": 50,
        "depthWrite": true,
        "emissive": 0,
        "depthTest": true,
        "name": "ffffff",
        "specular": 0,
        "ambient": 16777215
    }]
}